Workbook

Sheet 教科書
A1: 教科書ID | B1: 教科書名 | C1: 出版社 | D1: 使用年代 | E1: 学年
A2: 1 | B2: 小学音楽 音楽のおくりもの2 | C2: 教育出版 | D2: 2005～2010 | E2: 2
A3: 2 | B3: 小学音楽 音楽のおくりもの3 | C3: 教育出版 | D3: 2005～2010 | E3: 3
A4: 3 | B4: 小学生の音楽5 | C4: 教育芸術社 | D4: 2020～2023 | E4: 5
A5: 4 | B5: 小学生の音楽6 | C5: 教育芸術社 | D5: 2020～2023 | E5: 6
A6: 5 | B6: 小学生の音楽6 | C6: 教育芸術社 | D6: 2005～2010 | E6: 6
A7: 6 | B7: 新編 新しい音楽2 | C7: 東京書籍 | D7: 2005～2010 | E7: 2
A8: 7 | B8: 新編 新しい音楽3 | C8: 東京書籍 | D8: 2005～2010 | E8: 3
A9: 8 | B9: 新編 新しい音楽4 | C9: 東京書籍 | D9: 2005～2010 | E9: 4
A10: 9 | B10: 新編 新しい音楽5 | C10: 東京書籍 | D10: 2005～2010 | E10: 5
A11: 10 | B11: 新編 新しい音楽6 | C11: 東京書籍 | D11: 2005～2010 | E11: 6
A12: 11 | B12: 小学生のおんがく1 | C12: 教育芸術社 | D12: 2020～2023 | E12: 1

Sheet 楽曲
A1: 曲ID | B1: 曲名 | C1: 作詞 | D1: 作曲 | E1: 訳詞 | F1: 編曲 | G1: BPM(MIDI) | H1: key
A2: 1 | B2: あの青い空のように | C2: 丹羽謙治 | D2: 丹羽謙治 | G2: 126 | H2: F
A3: 2 | B3: かくれんぼ | C3: 林柳波 | D3: 下総皖一 | G3: 108 | H3: C
A4: 3 | B4: キャンディ マン | D4: ブリッカス ニューリー
A5: 4 | B5: 山びこごっこ | C5: おうち・やすゆき | D5: 若月明人 | G5: 120 | H5: C
A6: 5 | B6: かっこう(1) | C6: 小林純一 | D6: ドイツ民謡 | G6: 126 | H6: C
A7: 6 | B7: かえるの合唱 | C7: 岡本敏明 | D7: ドイツ民謡 | G7: 116 | H7: C
A8: 7 | B8: お祭り ワッショイ | C8: きたかみ じゅん | D8: 吉原順 | G8: 120 | H8: C
A9: 8 | B9: ウンパッパ | C9: 峯陽 | D9: L.バート | G9: 138 | H9: F
A10: 9 | B10: ティニックリング | D10: フィリピン民謡
A11: 10 | B11: 夏だ！ | C11: 阪田寛夫 | D11: 山本直純 | G11: 126 | H11: G
A12: 11 | B12: せみの 歌 | C12: さとう・よしみ | D12: 中田喜直 | G12: 120 | H12: F
A13: 12 | B13: 虫の声 | D13: 文部省唱歌 | G13: 80 | H13: C
A14: 13 | B14: 森の探検隊 | C14: 東一陽 | D14: 野木雄大 | G14: 132 | H14: F
A15: 14 | B15: かじやのポルカ | D15: ヨゼフ・シュトラウス
A16: 15 | B16: 小さな畑 | D16: アメリカ民謡 | G16: 120 | H16: F
A17: 16 | B17: ジェットコースター | C17: 大畑みどり | D17: 大畑みどり | G17: 152 | H17: C
A18: 17 | B18: 夕やけこやけ | C18: 中村雨紅 | D18: 草川信 | G18: 76 | H18: C
A19: 18 | B19: ロンドンばし | D19: イギリス民謡 | G19: 100 | H19: C
A20: 19 | B20: かえるの 子ども | D20: スウェーデンの遊び歌
A21: 20 | B21: 小犬のビンゴ | D21: アメリカ民謡 | G21: 120 | H21: G
A22: 21 | B22: 八百屋のお店 | D22: カナダ・フランス民謡 | G22: 112 | H22: F
A23: 22 | B23: こぎつね | C23: 勝承夫 | D23: ドイツ民謡 | G23: 100 | H23: C
A24: 23 | B24: そりすべり | D24: アンダソン
A25: 24 | B25: 汽車は 走る | C25: 岡本敏明 | D25: 岡本敏明 | F25: 嶋田義美 | G25: 120 | H25: C
A26: 25 | B26: チャチャ マンボ | C26: 三浦恵子 | D26: 若松歓 | F26: 大畑みどり | G26: 116 | H26: C
A27: 26 | B27: マンボ ナンバー ファイブ | D27: プラード
A28: 27 | B28: ぼくらの マーチ | C28: 新沢としひこ | D28: 中川ひろたか | G28: 138 | H28: C
A29: 28 | B29: 春が きた | C29: 高野辰之 | D29: 岡野貞一 | G29: 112 | H29: C
A30: 29 | B30: ブレーメンの音楽隊 | C30: 坪能由紀子 | D30: 坪能由紀子 | G30: 144 | H30: F
A31: 30 | B31: ラララ 歌おう | C31: きたかみ じゅん | D31: きたかみ・じゅん | G31: 120 | H31: F
A32: 31 | B32: ねこだって サッカー | C32: 二瓶みち子 | D32: 赤尾暁 | G32: 138 | H32: F
A33: 32 | B33: あわてんぼうの サンタクロース | C33: 吉岡治 | D33: 小林亜星 | G33: 108 | H33: F
A34: 33 | B34: ツッピン とびうお | C34: 中村千栄子 | D34: 桜井順 | G34: 150 | H34: C
A35: 34 | B35: 音楽の おくりもの | C35: 名村宏 | D35: 赤尾暁 | G35: 160 | H35: C
A36: 35 | B36: さんぽ | C36: 中川李枝子 | D36: 久石譲 | F36: 吉田覚 | G36: 116 | H36: C
A37: 36 | B37: 君が代 | D37: 林広守 | G37: 69 | H37: C
A38: 37 | B38: 月 | D38: 文部省唱歌
A39: 38 | B39: とんぼのめがね | C39: 額賀誠志 | D39: 平井康三郎
A40: 39 | B40: 雪 | D40: 文部省唱歌
A41: 40 | B41: なべなべ そこぬけ | D41: わらべ歌
A42: 41 | B42: 数字の歌 | C42: 夢虹二 | D42: 小谷肇 | G42: 108 | H42: C
A43: 42 | B43: 小さな世界 | C43: 若田和子 | D43: シャーマン兄弟 | G43: 116 | H43: G
A44: 43 | B44: 春の小川 | C44: 高野辰之 | D44: 岡野貞一 | G44: 100 | H44: C
A45: 44 | B45: この山光る | C45: 阪田寛夫 | D45: ドイツ民謡 | F45: 橋本龍雄 | G45: 116 | H45: C
A46: 45 | B46: ドレミの歌 | C46: ペギー葉山 | D46: リチャード・ロジャース | G46: 120 | H46: C
A47: 46 | B47: 茶つみ | D47: 文部省唱歌 | G47: 100 | H47: G
A48: 47 | B48: にじ色の風船 | D48: 里山萌 | G48: 100 | H48: C
A49: 48 | B49: 笛時計のためのアレグロ | D49: ベートーベン
A50: 49 | B50: 大きな古時計 | D50: ワーク | G50: 96 | H50: G
A51: 50 | B51: ずいずいずっころばし | D51: わらべうた
A52: 51 | B52: ゆかいなまきば | C52: 小林幹治 | D52: アメリカ民謡 | G52: 96 | H52: G
A53: 52 | B53: 月の光に | C53: 野上彰 | D53: フランス民謡 | F53: 厚木恵 | G53: 120 | H53: C
A54: 53 | B54: かっこう(2) | C54: 田中末広 | D54: ドイツ民謡 | G54: 120 | H54: F
A55: 54 | B55: チャチャチャのリズムで | C55: 横山太郎 | D55: 横山太郎 | G55: 116 | H55: C
A56: 55 | B56: 魔法のチャチャチャ | D56: ホリン
A57: 56 | B57: うさぎ | D57: 日本古謡 | G57: 63 | H57: C
A58: 57 | B58: 富士山 | C58: 藤谷小波 | D58: 文部省唱歌 | G58: 96 | H58: C
A59: 58 | B59: あの町 この町 | C59: 野口雨情 | D59: 中山晋平 | G59: 88 | H59: F
A60: 59 | B60: 七つの子 | C60: 野口雨情 | D60: 本居長世 | G60: 108 | H60: G
A61: 60 | B61: まっかな秋 | C61: 薩摩忠 | D61: 小林秀雄 | G61: 112 | H61: F
A62: 61 | B62: 森の子守歌 | C62: 蓬莱泰三 | D62: 菊地雅春 | F62: 佐伯孝一 | G62: 88 | H62: C
A63: 62 | B63: ロンディーノ | D63: クライスラー
A64: 63 | B64: 中国のたいこ | D64: クライスラー
A65: 64 | B65: 聖者の行進 | C65: 小林幹治 | D65: アメリカ民謡 | E65: 吉原順 | G65: 104 | H65: G
A66: 65 | B66: レッツゴー | D66: 橋本龍男 | G66: 120 | H66: G
A67: 66 | B67: おちゃらか | D67: 日本
A68: 67 | B68: ヒマラヤの歌 | D68: ネパール
A69: 68 | B69: おうむの歌 | D69: インドネシア
A70: 69 | B70: アビニョンの橋の上で | D70: フランス
A71: 70 | B71: ラマダンの歌 | D71: エジプト
A72: 71 | B72: キパパーキ パパパ | D72: 東アフリカ
A73: 72 | B73: ひよこのマーチ | D73: ブラジル
A74: 73 | B74: ゴムとびの歌 | C74: ワン マォイ | D74: ジン シャオ | E74: 星野まり | G74: 120 | H74: C
A75: 74 | B75: 雪のおどり | C75: 油井圭三 | D75: チェコ/スロバキア民謡 | G75: 108 | H75: F
A76: 75 | B76: マンガニ、雨とおどろう | C76: 坪能由紀子 | D76: アフリカ南部地方局 | E76: 坪能由紀子 | G76: 120 | H76: G
A77: 76 | B77: 白鳥 | D77: サン・サーンス
A78: 77 | B78: パフ | C78: 中山知子 | D78: P.ヤーロウ/L.リプトン | G78: 96 | H78: G
A79: 78 | B79: 森ひばり | G79: 116 | H79: C
A80: 79 | B80: 森の水車 | D80: アイレンベルク
A81: 80 | B81: 交響曲第6番「田園」 | D81: ベートーベン
A82: 81 | B82: ピーターとおおかみ | D82: プロコフィエフ
A83: 82 | B83: メリーさんの羊 | E83: 高田三九三 | G83: 120 | H83: C
A84: 83 | B84: もしもコックさんだったなら | C84: 山本瓔子 | D84: 小宮路敏 | G84: 180 | H84: F
A85: 84 | B85: 小さな白樺 | C85: 中山知子 | D85: ロシア民謡 | F85: 嶋田義美 | G85: 126 | H85: B♭
A86: 85 | B86: オーレ！チャンプ | C86: 新井紀子 | D86: アルマス/デ ジャ | F86: 佐野麻祐 | G86: 116 | H86: G
A87: 86 | B87: えんやら ももの木 | D87: わらべうた | G87: 108 | H87: C
A88: 87 | B88: ミッキーマウス マーチ | D88: ジミー・ドット | F88: 吉田覚 | G88: 120 | H88: F
A89: 88 | B89: 花火 | D89: 山田俊之
A90: 89 | B90: メヌエット(ビゼー) | D90: ビゼー
A91: 90 | B91: クラリネットポルカ | D91: ポーランド民謡
A92: 91 | B92: ピチカート ポルカ | D92: ヨハン・シュトラウス(子)/ヨゼフ・シュトラウス
A93: 92 | B93: 76本のトロンボーン | D93: ウィルソン
A94: 93 | B94: トランペットふきの子もり歌 | D94: アンダソン
A95: 94 | B95: Believe | C95: 杉本竜一 | D95: 杉本竜一 | G95: 92 | H95: F
A96: 95 | B96: すてきな一歩 | C96: 長井理佳 | D96: 長谷部匡俊 | G96: 126 | H96: C
A97: 96 | B97: こいのぼり | D97: 文部省唱歌 | G97: 92 | H97: F
A98: 97 | B98: 小さな約束 | D98: 佐井孝彰 | G98: 84 | H98: C
A99: 98 | B99: いつでもあの海は | C99: 佐田和夫 | D99: 長谷部匡俊 | G99: 88 | H99: F
A100: 99 | B100: アイネ クライネ ナハトムジーク 第1楽章 | D100: モーツァルト
...

Sheet MIDI
A1: 曲ID | B1: 楽譜 | C1: 全パート (.mid) | D1: 全パート (.mid) | E1: メロディ (.mid) | F1: メロディ (.mid) | G1: 編成/楽器名
A2: 1 | B2: ○ | C2: song1 | E2: melody1
A3: 2 | B3: ○ | C3: song2 | E3: melody2
A4: 3
A5: 4 | B5: ○ | C5: song3 | E5: melody3
A6: 5 | B6: ○ | C6: song4 | E6: melody4 | G6: ピアノ
A7: 6 | B7: ○ | C7: song5 | E7: melody5 | G7: ピアノ/鍵盤楽器、木琴、打楽器(鈴、タンバリン)
A8: 7 | B8: ○ | C8: song6 | E8: melody6 | G8: ピアノ
A9: 8 | B9: ○ | C9: song7 | E9: melody7
A10: 9
A11: 10 | B11: ○ | C11: song8 | E11: melody8
A12: 11 | B12: ○ | C12: song9 | E12: melody9
A13: 12 | B13: ○ | C13: song10 | E13: melody10
A14: 13 | B14: ○ | C14: song11 | E14: melody11
A15: 14
A16: 15 | B16: ○ | C16: song12 | E16: melody12
A17: 16 | B17: ○ | C17: song13 | E17: melody13 | G17: 木琴
A18: 17 | B18: ○ | C18: song14 | E18: melody14
A19: 18 | B19: ○ | C19: song136 | E19: melody136
A20: 19
A21: 20 | B21: ○ | C21: song15 | E21: melody15
A22: 21 | B22: ○ | C22: song16 | E22: melody16
A23: 22 | B23: ○ | C23: song17 | E23: melody17 | G23: 鍵盤楽器
A24: 23
A25: 24 | B25: ○ | C25: song18 | E25: melody18 | G25: ピアノ、木琴
A26: 25 | B26: ○ | C26: song19 | E26: melody19 | G26: 木琴、スネア、低音楽器
A27: 26
A28: 27 | B28: ○ | C28: song20 | E28: melody20
A29: 28 | B29: ○ | C29: song21 | E29: melody21
A30: 29 | B30: ○ | C30: song22 | E30: melody22
A31: 30 | B31: ○ | C31: song23 | E31: melody23
A32: 31 | B32: ○ | C32: song24 | E32: melody24 | G32: 手拍子
A33: 32 | B33: ○ | C33: song25 | E33: melody25 | G33: 手拍子
A34: 33 | B34: ○ | C34: song26 | E34: melody26 | G34: 手拍子
A35: 34 | B35: ○ | C35: song27 | E35: melody27 | G35: 手拍子
A36: 35 | B36: ○ | C36: song28 | E36: melody28 | G36: リコーダー
A37: 36 | B37: ○ | C37: song89 | E37: melody89
A38: 37
A39: 38
A40: 39
A41: 40
A42: 41 | B42: ○ | C42: song29 | E42: melody29
A43: 42 | B43: ○ | C43: song30 | E43: melody30
A44: 43 | B44: ○ | C44: song31 | E44: melody31
A45: 44 | B45: ○ | C45: song32 | E45: melody32
A46: 45 | B46: ○ | C46: song33 | E46: melody33
A47: 46 | B47: ○ | C47: song34 | E47: melody34
A48: 47 | B48: ○ | C48: song35 | E48: melody35 | G48: リコーダー
A49: 48
A50: 49
A51: 50
A52: 51 | B52: ○ | C52: song36 | E52: melody36 | G52: リコーダー
A53: 52 | B53: ○ | C53: song37 | E53: melody37
A54: 53 | B54: ○ | C54: song38 | E54: melody38 | G54: リコーダー/鍵盤楽器
A55: 54 | B55: ○ | C55: song39 | E55: melody39 | G55: リコーダー
A56: 55
A57: 56 | B57: ○ | C57: song40 | E57: melody40 | G57: リコーダー
A58: 57 | B58: ○ | C58: song41 | E58: melody41
A59: 58 | B59: ○ | C59: song42 | E59: melody42
A60: 59 | B60: ○ | C60: song43 | E60: melody43
A61: 60 | B61: ○ | C61: song44 | E61: melody44
A62: 61 | B62: ○ | C62: song45 | E62: melody45 | G62: リコーダー
A63: 62
A64: 63
A65: 64 | B65: ○ | C65: song46 | E65: melody46 | G65: リコーダー、鍵盤ハーモニカ、ピアノ、シンバル、バスドラム、タンバリン
A66: 65 | B66: ○ | C66: song47 | E66: melody47 | G66: リコーダー
A67: 66
A68: 67
A69: 68
A70: 69
A71: 70
A72: 71
A73: 72
A74: 73 | B74: ○ | C74: song48 | E74: melody48
A75: 74 | B75: ○ | C75: song49 | E75: melody49 | G75: リコーダー
A76: 75 | B76: ○ | C76: song50 | E76: melody50 | G76: リコーダー
A77: 76
A78: 77 | B78: ○ | C78: song51 | E78: melody51
A79: 78 | B79: ○ | C79: song52 | E79: melody52 | G79: リコーダー、低音楽器
A80: 79
A81: 80
A82: 81
A83: 82 | B83: ○ | C83: song53 | D83: song54 | E83: melody53 | F83: melody54 | G83: ピアノ
A84: 83 | B84: ○ | C84: song55 | E84: melody55
A85: 84 | B85: ○ | C85: song56 | E85: melody56
A86: 85 | B86: ○ | C86: song57 | E86: melody57 | G86: リコーダー
A87: 86 | B87: ○ | C87: song58 | E87: melody58 | G87: リコーダー
A88: 87 | B88: ○ | C88: song59 | E88: melody59 | G88: ピアノ、木琴、ウッドブロック、アゴゴ、スネア、バスドラム/リコーダー、鍵盤ハーモニカ、木琴、タンバリン、スネア
A89: 88
A90: 89
A91: 90
A92: 91
A93: 92
A94: 93
A95: 94 | B95: ○ | C95: song61 | E95: melody61
A96: 95 | B96: ○ | C96: song62 | E96: melody62
A97: 96 | B97: ○ | C97: song63 | E97: melody63
A98: 97 | B98: ○ | C98: song64 | E98: melody64 | G98: リコーダー
A99: 98 | B99: ○ | C99: song65 | E99: melody65
A100: 99
...

Sheet 4技能
A1: 教科書ID | B1: 曲ID | C1: 歌唱 | D1: 演奏 | E1: 鑑賞 | F1: 楽典 | G1: 聞く | H1: 話す | I1: 読む | J1: 書く
A2: 1 | B2: 1 | C2: ○ | G2: ○ | H2: ○
A3: 1 | B3: 2 | C3: ○ | G3: ○ | H3: ○
A4: 1 | B4: 3 | E4: ○ | G4: ○ | H4: ○
A5: 1 | B5: 4 | C5: ○ | G5: ○ | H5: ○
A6: 1 | B6: 5 | C6: ○ | D6: ○ | F6: ○ | H6: ○ | I6: ○ | J6: ○
A7: 1 | B7: 6 | C7: ○ | D7: ○ | F7: ○ | H7: ○ | I7: ○
A8: 1 | B8: 7 | C8: ○ | D8: ○ | F8: ○ | G8: ○ | H8: ○ | I8: ○ | J8: ○
A9: 1 | B9: 8 | C9: ○ | H9: ○
A10: 1 | B10: 9 | E10: ○ | G10: ○
A11: 1 | B11: 10 | C11: ○ | H11: ○
A12: 1 | B12: 11 | C12: ○ | H12: ○
A13: 1 | B13: 12 | C13: ○ | D13: ○ | G13: ○ | H13: ○ | J13: ○
A14: 1 | B14: 13 | C14: ○ | D14: ○ | G14: ○ | H14: ○ | J14: ○
A15: 1 | B15: 14 | E15: ○ | G15: ○
A16: 1 | B16: 15 | C16: ○ | H16: ○
A17: 1 | B17: 16 | C17: ○ | D17: ○ | H17: ○
A18: 1 | B18: 17 | C18: ○ | H18: ○
A19: 1 | B19: 18 | E19: ○ | H19: ○
A20: 1 | B20: 19 | E20: ○ | H20: ○
A21: 1 | B21: 20 | C21: ○ | E21: ○ | H21: ○
A22: 1 | B22: 21 | C22: ○ | H22: ○ | J22: ○
A23: 1 | B23: 22 | C23: ○ | D23: ○ | F23: ○ | H23: ○ | I23: ○
A24: 1 | B24: 23 | E24: ○ | G24: ○
A25: 1 | B25: 24 | C25: ○ | D25: ○ | H25: ○
A26: 1 | B26: 25 | C26: ○ | D26: ○ | H26: ○
A27: 1 | B27: 26 | E27: ○ | G27: ○
A28: 1 | B28: 27 | C28: ○ | H28: ○
A29: 1 | B29: 28 | C29: ○ | D29: ○ | H29: ○
A30: 1 | B30: 29 | C30: ○ | H30: ○
A31: 1 | B31: 30 | C31: ○ | H31: ○
A32: 1 | B32: 31 | C32: ○ | H32: ○
A33: 1 | B33: 32 | C33: ○ | H33: ○
A34: 1 | B34: 33 | C34: ○ | H34: ○
A35: 1 | B35: 34 | C35: ○ | H35: ○
A36: 1 | B36: 35 | C36: ○ | D36: ○ | H36: ○
A37: 1 | B37: 36 | C37: ○ | H37: ○
A38: 1 | B38: 37 | C38: ○ | H38: ○
A39: 1 | B39: 38 | C39: ○ | H39: ○
A40: 1 | B40: 39 | C40: ○ | H40: ○
A41: 1 | B41: 40 | C41: ○ | H41: ○
A42: 1 | B42: 41 | C42: ○ | H42: ○
A43: 2 | B43: 42 | C43: ○ | H43: ○
A44: 2 | B44: 43 | C44: ○ | H44: ○
A45: 2 | B45: 44 | C45: ○ | H45: ○ | I45: ○
A46: 2 | B46: 45 | C46: ○ | F46: ○ | H46: ○ | I46: ○
A47: 2 | B47: 46 | C47: ○ | H47: ○
A48: 2 | B48: 47 | D48: ○ | H48: ○ | I48: ○
A49: 2 | B49: 48 | E49: ○ | G49: ○
A50: 2 | B50: 49 | C50: ○ | E50: ○ | G50: ○
A51: 2 | B51: 50 | E51: ○ | F51: ○ | G51: ○ | I51: ○
A52: 2 | B52: 51 | C52: ○ | D52: ○ | H52: ○
A53: 2 | B53: 52 | C53: ○ | D53: ○ | F53: ○ | H53: ○ | I53: ○
A54: 2 | B54: 53 | C54: ○ | D54: ○ | H54: ○ | I54: ○
A55: 2 | B55: 54 | C55: ○ | D55: ○ | H55: ○ | J55: ○
A56: 2 | B56: 55 | E56: ○ | G56: ○
A57: 2 | B57: 56 | C57: ○ | H57: ○
A58: 2 | B58: 57 | C58: ○ | H58: ○
A59: 2 | B59: 58 | C59: ○ | H59: ○
A60: 2 | B60: 59 | C60: ○ | H60: ○
A61: 2 | B61: 60 | C61: ○ | H61: ○
A62: 2 | B62: 61 | C62: ○ | D62: ○ | H62: ○
A63: 2 | B63: 62 | E63: ○ | G63: ○
A64: 2 | B64: 63 | E64: ○ | G64: ○ | H64: ○
A65: 2 | B65: 64 | C65: ○ | D65: ○ | E65: ○ | G65: ○ | H65: ○
A66: 2 | B66: 65 | D66: ○ | F66: ○ | H66: ○ | I66: ○
A67: 2 | B67: 66 | E67: ○ | G67: ○
A68: 2 | B68: 67 | E68: ○ | G68: ○
A69: 2 | B69: 68 | E69: ○ | G69: ○
A70: 2 | B70: 69 | E70: ○ | G70: ○
A71: 2 | B71: 70 | E71: ○ | G71: ○
A72: 2 | B72: 71 | E72: ○ | G72: ○
A73: 2 | B73: 72 | E73: ○ | G73: ○
A74: 2 | B74: 73 | C74: ○ | H74: ○
A75: 2 | B75: 74 | C75: ○ | H75: ○
A76: 2 | B76: 75 | C76: ○ | D76: ○ | H76: ○
A77: 2 | B77: 76 | E77: ○ | F77: ○ | G77: ○ | I77: ○
A78: 2 | B78: 77 | C78: ○ | D78: ○ | H78: ○
A79: 2 | B79: 78 | E79: ○ | G79: ○ | H79: ○ | I79: ○
A80: 2 | B80: 79 | E80: ○ | G80: ○
A81: 2 | B81: 80 | E81: ○ | G81: ○
A82: 2 | B82: 81 | E82: ○ | F82: ○ | G82: ○ | I82: ○
A83: 2 | B83: 82 | C83: ○ | D83: ○ | H83: ○
A84: 2 | B84: 83 | C84: ○ | H84: ○
A85: 2 | B85: 84 | C85: ○ | H85: ○
A86: 2 | B86: 85 | C86: ○ | D86: ○ | H86: ○
A87: 2 | B87: 86 | C87: ○ | D87: ○ | H87: ○
A88: 2 | B88: 87 | D88: ○ | H88: ○
A89: 2 | B89: 88 | D89: ○ | H89: ○
A90: 2 | B90: 34 | C90: ○ | H90: ○
A91: 2 | B91: 35 | C91: ○ | D91: ○ | H91: ○
A92: 2 | B92: 36 | C92: ○ | H92: ○
A93: 2 | B93: 89 | E93: ○ | G93: ○
A94: 2 | B94: 90 | E94: ○ | G94: ○
A95: 2 | B95: 91 | E95: ○ | G95: ○
A96: 2 | B96: 92 | E96: ○ | G96: ○
A97: 2 | B97: 93 | E97: ○ | G97: ○
A98: 3 | B98: 94 | C98: ○ | H98: ○
A99: 3 | B99: 95 | C99: ○ | H99: ○
A100: 3 | B100: 96 | C100: ○ | H100: ○
...

Sheet 学習要素
A1: 教科書ID | B1: 曲ID | C1: 楽譜の知識 | D1: リズム | E1: 音高 | F1: 曲想 | G1: 節・旋律 | H1: 音色 | I1: 曲の山 | J1: 身体的訓練 | K1: 実践 | L1: その他 | M1: 音楽記号 | N1: 音階と調 | O1: 曲に合うリズム を見つける | P1: 拍 | Q1: 速度 | R1: 階名で歌う | S1: 長調と短調 | T1: 和音 | U1: 雰囲気 | V1: 強弱 | W1: 音の 上がり下がり | X1: 歌詞 | Y1: 反復 | Z1: 音の重なり | AA1: 音の響き | AB1: 曲に合う楽器を見つける | AC1: パートの役割 | AD1: フレーズ | AE1: 変化 | AF1: 歌唱法 | AG1: 歌唱法 (姿勢) | AH1: 歌唱法 (発音) | AI1: 歌唱法 (イメージ) | AJ1: 歌唱法 (表情) | AK1: 歌唱法 (変声期) | AL1: 指揮法 | AM1: 楽器の奏法 | AN1: 体を動かす | AO1: 体を動かす (身振り手振りで表現) | AP1: 体を動かす (手拍子) | AQ1: 体を動かす (遊び歌・体遊び) | AR1: 体を動かす (まねをする) | AS1: 合奏 | AT1: 掛け合い | AU1: 声を聴く | AV1: 楽器の音を聴く | AW1: 情景を思い浮かべる | AX1: 作曲 | AY1: オーケストラ | AZ1: 作曲家について | BA1: 合唱形態 | BB1: 声の種類 | BC1: 演奏形態 | BD1: 楽器の種類
A2: 1 | B2: 1 | K2: ○ | AT2: ○
A3: 1 | B3: 2 | K3: ○ | V3: ○ | AT3: ○
A4: 1 | B4: 3 | K4: ○ | AT4: ○
A5: 1 | B5: 4 | K5: ○ | V5: ○ | AT5: ○
A6: 1 | B6: 5 | G6: ○ | J6: ○ | K6: ○ | AM6: ○ | AX6: ○
A7: 1 | B7: 6 | J7: ○ | K7: ○ | M7: ○ | O7: ○ | AM7: ○ | AT7: ○
A8: 1 | B8: 7 | C8: ○ | D8: ○ | I8: ○ | K8: ○ | M8: ○ | O8: ○ | X8: ○ | AN8: ○ | AX8: ○
A9: 1 | B9: 8 | D9: ○ | J9: ○ | K9: ○ | AN9: ○ | AO9: ○ | AP9: ○
A10: 1 | B10: 9 | D10: ○ | K10: ○
A11: 1 | B11: 10 | K11: ○ | AT11: ○
A12: 1 | B12: 11 | K12: ○
A13: 1 | B13: 12 | H13: ○ | K13: ○ | AB13: ○ | AX13: ○
A14: 1 | B14: 13 | D14: ○ | H14: ○ | K14: ○ | AB14: ○ | AX14: ○
A15: 1 | B15: 14 | K15: ○ | AV15: ○ | AW15: ○
A16: 1 | B16: 15 | J16: ○ | K16: ○ | AN16: ○ | AO16: ○
A17: 1 | B17: 16 | G17: ○ | K17: ○ | AM17: ○
A18: 1 | B18: 17 | K18: ○ | AW18: ○
A19: 1 | B19: 18 | D19: ○ | J19: ○ | AQ19: ○
A20: 1 | B20: 19 | D20: ○ | J20: ○ | AQ20: ○
A21: 1 | B21: 20 | J21: ○ | K21: ○ | AN21: ○ | AP21: ○ | AQ21: ○
A22: 1 | B22: 21 | D22: ○ | J22: ○ | K22: ○ | O22: ○ | AM22: ○ | AN22: ○ | AO22: ○ | AR22: ○ | AT22: ○
A23: 1 | B23: 22 | C23: ○ | J23: ○ | K23: ○ | M23: ○ | AM23: ○ | AW23: ○
A24: 1 | B24: 23 | K24: ○ | AW24: ○
A25: 1 | B25: 24 | J25: ○ | K25: ○ | AM25: ○ | AS25: ○ | AW25: ○
A26: 1 | B26: 25 | D26: ○ | J26: ○ | K26: ○ | O26: ○ | Q26: ○ | X26: ○ | AS26: ○
A27: 1 | B27: 26 | J27: ○ | AM27: ○ | AO27: ○
A28: 1 | B28: 27 | K28: ○
A29: 1 | B29: 28 | J29: ○ | K29: ○ | AF29: ○ | AI29: ○ | AW29: ○
A30: 1 | B30: 29 | G30: ○ | H30: ○ | K30: ○ | Z30: ○ | AX30: ○
A31: 1 | B31: 30 | K31: ○
A32: 1 | B32: 31 | K32: ○
A33: 1 | B33: 32 | K33: ○
A34: 1 | B34: 33 | J34: ○ | K34: ○ | AN34: ○ | AP34: ○
A35: 1 | B35: 34 | K35: ○ | M35: ○ | AN35: ○ | AP35: ○
A36: 1 | B36: 35 | K36: ○ | M36: ○ | AN36: ○ | AO36: ○ | AS36: ○
A37: 1 | B37: 36 | K37: ○
A38: 1 | B38: 37 | K38: ○
A39: 1 | B39: 38 | K39: ○
A40: 1 | B40: 39 | K40: ○
A41: 1 | B41: 40 | J41: ○ | AN41: ○ | AQ41: ○
A42: 1 | B42: 41 | J42: ○ | K42: ○ | AN42: ○ | AQ42: ○
A43: 2 | B43: 42 | G43: ○ | H43: ○ | K43: ○ | Z43: ○
A44: 2 | B44: 43 | E44: ○ | K44: ○ | R44: ○
A45: 2 | B45: 44 | C45: ○ | J45: ○ | K45: ○ | M45: ○ | AF45: ○ | AG45: ○ | AH45: ○
A46: 2 | B46: 45 | C46: ○ | M46: ○ | Y46: ○
A47: 2 | B47: 46 | J47: ○ | K47: ○ | X47: ○ | AQ47: ○ | AW47: ○
A48: 2 | B48: 47 | J48: ○ | K48: ○ | AM48: ○
A49: 2 | B49: 48 | H49: ○ | K49: ○ | Z49: ○ | AV49: ○
A50: 2 | B50: 49 | H50: ○ | K50: ○ | X50: ○ | Z50: ○ | AV50: ○
A51: 2 | B51: 50 | H51: ○ | J51: ○ | K51: ○ | Z51: ○ | AM51: ○ | AV51: ○
A52: 2 | B52: 51 | J52: ○ | K52: ○ | AM52: ○
A53: 2 | B53: 52 | G53: ○ | H53: ○ | K53: ○ | Z53: ○ | AS53: ○ | AX53: ○
A54: 2 | B54: 53 | J54: ○ | K54: ○ | AM54: ○ | AT54: ○
A55: 2 | B55: 54 | D55: ○ | K55: ○ | O55: ○ | AB55: ○
A56: 2 | B56: 55 | J56: ○ | AN56: ○ | AO56: ○
A57: 2 | B57: 56 | K57: ○ | X57: ○
A58: 2 | B58: 57 | I58: ○ | J58: ○ | K58: ○ | X58: ○ | AF58: ○ | AI58: ○
A59: 2 | B59: 58 | D59: ○ | K59: ○
A60: 2 | B60: 59 | K60: ○ | X60: ○
A61: 2 | B61: 60 | K61: ○
A62: 2 | B62: 61 | G62: ○ | H62: ○ | K62: ○ | Z62: ○ | AS62: ○
A63: 2 | B63: 62 | F63: ○ | H63: ○ | U63: ○ | Z63: ○
A64: 2 | B64: 63 | H64: ○ | Z64: ○
A65: 2 | B65: 64 | H65: ○ | K65: ○ | Z65: ○ | AS65: ○ | AT65: ○
A66: 2 | B66: 65 | H66: ○ | J66: ○ | K66: ○ | Z66: ○ | AM66: ○
A67: 2 | B67: 66 | K67: ○ | AU67: ○
A68: 2 | B68: 67 | K68: ○ | AU68: ○
A69: 2 | B69: 68 | K69: ○ | AU69: ○
A70: 2 | B70: 69 | K70: ○ | AU70: ○
A71: 2 | B71: 70 | K71: ○ | AU71: ○
A72: 2 | B72: 71 | K72: ○ | AU72: ○
A73: 2 | B73: 72 | K73: ○ | AU73: ○
A74: 2 | B74: 73 | K74: ○
A75: 2 | B75: 74 | D75: ○ | K75: ○
A76: 2 | B76: 75 | D76: ○ | H76: ○ | K76: ○ | L76: ○ | Z76: ○ | BD76: ○
A77: 2 | B77: 76 | G77: ○ | J77: ○ | K77: ○ | AM77: ○ | AW77: ○
A78: 2 | B78: 77 | K78: ○ | AS78: ○ | AW78: ○
A79: 2 | B79: 78 | H79: ○ | J79: ○ | K79: ○ | Z79: ○ | AM79: ○
A80: 2 | B80: 79 | K80: ○ | AW80: ○
A81: 2 | B81: 80 | K81: ○ | AW81: ○
A82: 2 | B82: 81 | H82: ○ | K82: ○ | L82: ○ | Z82: ○ | AW82: ○ | BD82: ○
A83: 2 | B83: 82 | E83: ○ | K83: ○ | S83: ○
A84: 2 | B84: 83 | D84: ○ | K84: ○
A85: 2 | B85: 84 | H85: ○ | K85: ○ | AT85: ○
A86: 2 | B86: 85 | K86: ○
A87: 2 | B87: 86 | K87: ○
A88: 2 | B88: 87 | D88: ○ | K88: ○ | AS88: ○
A89: 2 | B89: 88 | J89: ○ | AN89: ○ | AP89: ○
A90: 2 | B90: 34 | D90: ○ | H90: ○ | J90: ○ | K90: ○ | Z90: ○ | AN90: ○ | AP90: ○
A91: 2 | B91: 35 | J91: ○ | K91: ○ | AO91: ○
A92: 2 | B92: 36 | K92: ○
A93: 2 | B93: 89 | H93: ○ | K93: ○ | L93: ○ | V93: ○ | AV93: ○ | BD93: ○
A94: 2 | B94: 90 | H94: ○ | K94: ○ | AV94: ○
A95: 2 | B95: 91 | H95: ○ | K95: ○ | AV95: ○
A96: 2 | B96: 92 | H96: ○ | K96: ○ | AV96: ○
A97: 2 | B97: 93 | H97: ○ | K97: ○ | AV97: ○
A98: 3 | B98: 94 | G98: ○ | H98: ○ | K98: ○ | V98: ○ | Z98: ○ | AW98: ○
A99: 3 | B99: 95 | G99: ○ | H99: ○ | J99: ○ | K99: ○ | V99: ○ | Z99: ○ | AF99: ○ | AI99: ○ | AT99: ○
A100: 3 | B100: 96 | D100: ○ | G100: ○ | I100: ○ | K100: ○ | V100: ○ | X100: ○ | AW100: ○
...

Sheet 表記ゆれ確認
A1: No. | B1: 楽曲 | C1: 対応 | D1: ふりがな
A2: 1 | B2: 「トンバイ」によるカノン | C2: カノン(トンバイ) | D2: =PHONETIC(B2) -> 「とんばい」によるかのん
A3: 2 | B3: 「ファイナル ファンタジー Ⅳ」から 愛のテーマ | C3: 愛のテーマ(ファイナルファンタジーIVから) | D3: =PHONETIC(B3) -> 「ふぁいなる ふぁんたじー Ⅳ」から 愛のてーま
A4: 3 | B4: 5拍子の舞曲 | C4: 5拍子の舞曲 | D4: =PHONETIC(B4) -> ５びょうしのぶきょく
A5: 4 | B5: 76本のトロンボーン | C5: 76本のトロンボーン | D5: =PHONETIC(B5) -> 76本のとろんぼーん
A6: 5 | B6: アイアイ | C6: アイアイ | D6: =PHONETIC(B6) -> あいあい
A7: 6 | B7: 愛する地球 | C7: 愛する地球 | D7: =PHONETIC(B7) -> あいするちきゅう
A8: 7 | B8: アイネ クライネ ナハトムジーク 第1楽章 | C8: アイネ クライネ ナハトムジーク 第1楽章 | D8: =PHONETIC(B8) -> あいね くらいね なはとむじーく だい１がくしょう
A9: 8 | B9: アイネ クライネ ナハトムジーク 第1楽章 | C9: アイネ クライネ ナハトムジーク 第1楽章 | D9: =PHONETIC(B9) -> あいね くらいね なはとむじーく だい１がくしょう
A10: 9 | B10: 愛のあいさつ | C10: 愛の挨拶 | D10: =PHONETIC(B10) -> あいのあいさつ
A11: 10 | B11: 青い心 白い心(パランマウム ハヤンマウム) | C11: 青い心 白い心(パランマウム ハヤンマウム) | D11: =PHONETIC(B11) -> あおいこころ しろいこころ（ぱらんまうむ はやんまうむ）
A12: 11 | B12: あおげばとうとし | C12: 仰げば尊し | D12: =PHONETIC(B12) -> あおげばとうとし
A13: 12 | B13: あおげばとうとし | C13: 仰げば尊し | D13: =PHONETIC(B13) -> あおげばとうとし
... A466: 465 | B466: きみがよ | C466: 君が代 | D466: =PHONETIC(B466) -> きみがよ
A467: 466 | D467: =PHONETIC(B467)
A468: 467 | D468: =PHONETIC(B468)
A469: 468 | D469: =PHONETIC(B469)
A470: 469 | D470: =PHONETIC(B470)
A471: 470 | D471: =PHONETIC(B471)
A472: 471 | D472: =PHONETIC(B472)
A473: 472 | D473: =PHONETIC(B473)
A474: 473 | D474: =PHONETIC(B474)
A475: 474 | D475: =PHONETIC(B475)
A476: 475 | D476: =PHONETIC(B476)
A477: 476 | D477: =PHONETIC(B477)
A478: 477 | D478: =PHONETIC(B478)
... A2000: 1999 | D2000: =PHONETIC(B2000)
A2001: 2000

Sheet 重複確認
A1: 曲 | B1: 曲(対応)
A2: あの青い空のように | B2: あの青い空のように
A3: かくれんぼ | B3: かくれんぼ
A4: キャンディ マン | B4: キャンディ マン
A5: 山びこごっこ | B5: 山びこごっこ
A6: かっこう(1) | B6: かっこう(1)
A7: かえるの がっしょう | B7: かえるの合唱
A8: おまつり ワッショイ | B8: お祭り ワッショイ
A9: ウンパッパ | B9: ウンパッパ
A10: ティニックリング | B10: ティニックリング
A11: 夏だ！ | B11: 夏だ！
A12: せみの 歌 | B12: せみの 歌
... A433: ラデツキー行進曲 | B433: ラデツキー行進曲
A434: =IF(表記ゆれ確認!B434="","",表記ゆれ確認!B434) -> セブン ステップス | B434: =IF(表記ゆれ確認!C434="","",表記ゆれ確認!C434) -> セブン ステップス
A435: =IF(表記ゆれ確認!B435="","",表記ゆれ確認!B435) -> チェッ チェッ コリ | B435: =IF(表記ゆれ確認!C435="","",表記ゆれ確認!C435) -> チェッ チェッ コリ
A436: =IF(表記ゆれ確認!B436="","",表記ゆれ確認!B436) -> ひらいた ひらいた | B436: =IF(表記ゆれ確認!C436="","",表記ゆれ確認!C436) -> ひらいた ひらいた
A437: =IF(表記ゆれ確認!B437="","",表記ゆれ確認!B437) -> さんぽ | B437: =IF(表記ゆれ確認!C437="","",表記ゆれ確認!C437) -> さんぽ
A438: =IF(表記ゆれ確認!B438="","",表記ゆれ確認!B438) -> じゃんけんぽん | B438: =IF(表記ゆれ確認!C438="","",表記ゆれ確認!C438) -> じゃんけんぽん
A439: =IF(表記ゆれ確認!B439="","",表記ゆれ確認!B439) -> みんなで あそぼう | B439: =IF(表記ゆれ確認!C439="","",表記ゆれ確認!C439) -> みんなで あそぼう
A440: =IF(表記ゆれ確認!B440="","",表記ゆれ確認!B440) -> しろくまの ジェンカ | B440: =IF(表記ゆれ確認!C440="","",表記ゆれ確認!C440) -> しろくまの ジェンカ
A441: =IF(表記ゆれ確認!B441="","",表記ゆれ確認!B441) -> かたつむり | B441: =IF(表記ゆれ確認!C441="","",表記ゆれ確認!C441) -> かたつむり
A442: =IF(表記ゆれ確認!B442="","",表記ゆれ確認!B442) -> ぶん ぶん ぶん | B442: =IF(表記ゆれ確認!C442="","",表記ゆれ確認!C442) -> ぶん ぶん ぶん
A443: =IF(表記ゆれ確認!B443="","",表記ゆれ確認!B443) -> うみ | B443: =IF(表記ゆれ確認!C443="","",表記ゆれ確認!C443) -> 海
A444: =IF(表記ゆれ確認!B444="","",表記ゆれ確認!B444) -> みつばちハニーの ぼうけん | B444: =IF(表記ゆれ確認!C444="","",表記ゆれ確認!C444) -> みつばちハニーの ぼうけん
A445: =IF(表記ゆれ確認!B445="","",表記ゆれ確認!B445) -> たのしくふこう | B445: =IF(表記ゆれ確認!C445="","",表記ゆれ確認!C445) -> たのしくふこう
... A2000: =IF(表記ゆれ確認!B2000="","",表記ゆれ確認!B2000) | B2000: =IF(表記ゆれ確認!C2000="","",表記ゆれ確認!C2000)
